id,first_name,last_name,email,gender,ip_address
1,Garwood,Victoria,gvictoria0@amazon.co.uk,Male,8.253.222.165
2,Trever,Boothe,tboothe1@booking.com,Male,157.100.88.153
3,Wakefield,Garz,wgarz2@blinklist.com,Male,93.65.71.47
4,Leland,Vernon,lvernon3@cmu.edu,Male,211.116.89.79
5,Jeralee,Heindle,jheindle4@github.io,Female,102.26.119.48
6,Bennie,Sidon,bsidon5@storify.com,Male,250.7.36.2
7,Selinda,Condon,scondon6@ovh.net,Female,188.68.208.2
8,Sargent,Clempton,sclempton7@acquirethisname.com,Male,152.132.113.181
9,Oralia,Deason,odeason8@cbslocal.com,Female,119.251.189.228
10,Amalee,Lakenden,alakenden9@eepurl.com,Female,71.41.226.116
11,Justus,Strangman,jstrangmana@google.co.uk,Male,37.83.209.134
12,Delmar,Alywen,dalywenb@usda.gov,Male,105.106.122.72
13,Maria,Gentry,mgentryc@zimbio.com,Female,14.6.35.49
14,Spence,Cockshtt,scockshttd@sakura.ne.jp,Male,18.167.232.49
15,Alanah,Hentzeler,ahentzelere@pen.io,Female,142.91.4.174
16,Darb,Gilliland,dgillilandf@oracle.com,Male,219.156.50.143
17,Josey,Eddolls,jeddollsg@microsoft.com,Female,195.122.121.148
18,Akim,Normanvell,anormanvellh@hostgator.com,Male,68.24.94.130
19,Reider,Sharman,rsharmani@is.gd,Male,104.120.225.181
20,Judd,Harniman,jharnimanj@friendfeed.com,Male,183.24.10.38